actual_used_price,predicted_used_price,error,abs_error
3.97425,4.014562500000004,-0.04031250000000375,0.04031250000000375
5.00119,4.8964457,0.10474430000000012,0.10474430000000012
4.56205,4.282369799999997,0.27968020000000315,0.27968020000000315
4.17623,4.285111949999993,-0.10888194999999268,0.10888194999999268
3.15615,3.76452655,-0.60837655,0.60837655
3.77712,4.146211599999999,-0.3690915999999991,0.3690915999999991
4.93289,4.715681949999997,0.21720805000000354,0.21720805000000354
5.12092,4.915187799999999,0.2057322000000008,0.2057322000000008
4.0441,4.096803350000003,-0.05270335000000248,0.05270335000000248
4.31869,4.577271250000003,-0.2585812500000024,0.2585812500000024
4.16542,4.4511480000000025,-0.2857280000000024,0.2857280000000024
4.44664,4.411096999999997,0.03554300000000321,0.03554300000000321
3.64205,3.760845350000001,-0.11879535000000141,0.11879535000000141
4.46372,4.377816549999997,0.08590345000000355,0.08590345000000355
5.19296,5.20691055,-0.013950549999999673,0.013950549999999673
3.56445,3.425988500000001,0.13846149999999868,0.13846149999999868
4.51689,4.393082050000005,0.12380794999999534,0.12380794999999534
4.2704,4.3823439,-0.11194389999999999,0.11194389999999999
4.36729,4.293260199999995,0.07402980000000436,0.07402980000000436
3.75817,3.6419919000000003,0.1161780999999995,0.1161780999999995
4.32201,4.1198649499999895,0.20214505000001015,0.20214505000001015
4.65786,4.482501049999998,0.17535895000000234,0.17535895000000234
3.69063,3.660986249999999,0.029643750000000857,0.029643750000000857
3.6763,3.570653650000001,0.10564634999999889,0.10564634999999889
4.52548,4.558434549999998,-0.032954549999997695,0.032954549999997695
4.70944,4.975282549999991,-0.26584254999999146,0.26584254999999146
3.10054,3.28945475,-0.1889147499999999,0.1889147499999999
4.3854,4.326488050000004,0.05891194999999616,0.05891194999999616
4.35837,4.278653000000002,0.07971699999999782,0.07971699999999782
5.16106,4.856552150000002,0.3045078499999976,0.3045078499999976
4.63628,4.418325249999995,0.21795475000000497,0.21795475000000497
3.59813,3.8990645,-0.3009345000000003,0.3009345000000003
5.74201,5.532438100000003,0.2095718999999967,0.2095718999999967
4.13052,3.980824499999999,0.14969550000000087,0.14969550000000087
3.30101,3.4980359000000005,-0.1970259000000003,0.1970259000000003
5.41178,5.165917000000002,0.24586299999999817,0.24586299999999817
3.79818,3.8113029000000034,-0.01312290000000349,0.01312290000000349
4.43165,4.902694399999994,-0.47104439999999403,0.47104439999999403
4.40903,4.502432699999994,-0.09340269999999418,0.09340269999999418
5.32593,5.106094550000008,0.21983544999999172,0.21983544999999172
4.29442,4.896832600000001,-0.602412600000001,0.602412600000001
5.21765,5.213420099999999,0.00422990000000123,0.00422990000000123
4.30663,4.5288230500000015,-0.22219305000000134,0.22219305000000134
4.43177,4.511610149999992,-0.0798401499999919,0.0798401499999919
5.37124,5.24250625,0.1287337500000003,0.1287337500000003
4.38913,4.3190167999999955,0.0701132000000042,0.0701132000000042
4.90735,4.745922600000001,0.1614273999999991,0.1614273999999991
4.39037,4.397322949999998,-0.006952949999997848,0.006952949999997848
3.85588,4.029704599999997,-0.173824599999997,0.173824599999997
3.43463,3.2993238499999995,0.13530615000000035,0.13530615000000035
5.29079,5.387568599999997,-0.09677859999999683,0.09677859999999683
5.07135,5.020387799999992,0.05096220000000784,0.05096220000000784
5.00489,4.818093099999998,0.18679690000000182,0.18679690000000182
3.93026,4.009226849999996,-0.07896684999999559,0.07896684999999559
4.79381,4.424293200000001,0.36951679999999865,0.36951679999999865
4.51787,4.349717700000002,0.16815229999999826,0.16815229999999826
4.61838,4.3678280499999955,0.25055195000000463,0.25055195000000463
4.71286,4.536556650000004,0.17630334999999597,0.17630334999999597
4.91567,5.142946899999997,-0.227276899999997,0.227276899999997
4.46315,4.5974691499999985,-0.13431914999999872,0.13431914999999872
4.35208,4.181153199999998,0.17092680000000193,0.17092680000000193
4.70329,4.85434335,-0.15105334999999975,0.15105334999999975
4.03795,4.207469099999996,-0.16951909999999604,0.16951909999999604
4.02909,4.38194425,-0.35285425000000004,0.35285425000000004
4.40611,4.4269348,-0.020824799999999755,0.020824799999999755
4.21331,4.271356299999999,-0.05804629999999911,0.05804629999999911
3.75537,3.627776299999998,0.12759370000000203,0.12759370000000203
4.08564,3.9843894499999988,0.10125055000000094,0.10125055000000094
4.21331,4.426495199999996,-0.2131851999999963,0.2131851999999963
4.44371,4.642994700000002,-0.19928470000000154,0.19928470000000154
3.80999,3.491753949999999,0.31823605000000077,0.31823605000000077
4.71259,4.736196750000001,-0.023606750000001675,0.023606750000001675
5.00354,4.696747550000004,0.3067924499999961,0.3067924499999961
3.13462,3.3742147499999993,-0.2395947499999993,0.2395947499999993
3.34885,3.576682399999998,-0.22783239999999783,0.22783239999999783
4.18662,4.2884515999999975,-0.10183159999999791,0.10183159999999791
4.0455,4.482023049999998,-0.43652304999999814,0.43652304999999814
4.4498,4.409362199999995,0.04043780000000474,0.04043780000000474
5.1526,4.885796149999995,0.26680385000000495,0.26680385000000495
4.2023,4.483471700000001,-0.2811717000000007,0.2811717000000007
3.74005,3.853506500000001,-0.11345650000000074,0.11345650000000074
4.91427,4.759854549999997,0.15441545000000279,0.15441545000000279
4.6874,4.555629899999999,0.13177010000000156,0.13177010000000156
5.37384,5.464416149999997,-0.09057614999999686,0.09057614999999686
5.4282,5.333723200000008,0.0944767999999927,0.0944767999999927
4.41437,4.596027200000004,-0.18165720000000452,0.18165720000000452
3.69635,3.876821699999999,-0.18047169999999912,0.18047169999999912
3.23199,3.4580156000000013,-0.22602560000000116,0.22602560000000116
3.67046,3.645632600000003,0.024827399999996835,0.024827399999996835
4.71124,4.873635400000001,-0.1623954000000012,0.1623954000000012
4.86561,5.151927149999997,-0.2863171499999968,0.2863171499999968
4.46969,4.383349499999993,0.08634050000000659,0.08634050000000659
4.4958,4.370387900000002,0.12541209999999836,0.12541209999999836
4.12955,4.138277349999999,-0.008727349999999134,0.008727349999999134
4.61304,4.456518199999996,0.1565218000000037,0.1565218000000037
4.34976,4.280901950000001,0.06885804999999845,0.06885804999999845
4.87908,4.835788549999999,0.043291450000000786,0.043291450000000786
3.99838,3.8721937000000035,0.12618629999999653,0.12618629999999653
4.41619,4.215539000000004,0.20065099999999614,0.20065099999999614
4.77702,4.727384699999998,0.04963530000000205,0.04963530000000205
3.13114,3.233965599999999,-0.10282559999999918,0.10282559999999918
4.84237,4.723711300000001,0.11865869999999923,0.11865869999999923
4.10858,4.369297800000004,-0.26071780000000366,0.26071780000000366
4.83644,5.083991950000006,-0.2475519500000063,0.2475519500000063
4.72986,4.535474450000001,0.1943855499999998,0.1943855499999998
4.33925,4.4031260999999935,-0.06387609999999366,0.06387609999999366
4.26676,3.9190596999999996,0.3477003000000001,0.3477003000000001
4.38215,4.2375555500000015,0.1445944499999987,0.1445944499999987
4.2099,3.8725097500000016,0.33739024999999856,0.33739024999999856
3.92947,4.261597650000002,-0.33212765000000255,0.33212765000000255
4.19132,4.0562675000000015,0.1350524999999987,0.1350524999999987
4.51371,4.463052199999994,0.05065780000000597,0.05065780000000597
3.91442,3.816529750000002,0.09789024999999762,0.09789024999999762
4.65367,4.482042249999998,0.17162775000000163,0.17162775000000163
4.55398,4.789868999999996,-0.2358889999999958,0.2358889999999958
4.02731,4.394963650000005,-0.3676536500000047,0.3676536500000047
4.14266,4.437444400000005,-0.2947844000000046,0.2947844000000046
4.94157,4.680895149999999,0.2606748500000009,0.2606748500000009
4.35414,4.228570899999998,0.12556910000000254,0.12556910000000254
4.23527,4.0117131,0.22355690000000017,0.22355690000000017
5.24291,5.219062550000002,0.023847449999998105,0.023847449999998105
4.63667,4.946522999999999,-0.3098529999999995,0.3098529999999995
2.33311,2.201846549999999,0.13126345000000095,0.13126345000000095
4.06595,3.9672034499999995,0.09874655000000043,0.09874655000000043
3.37929,3.827696950000001,-0.44840695000000075,0.44840695000000075
4.10016,4.161330649999997,-0.06117064999999755,0.06117064999999755
4.43935,4.399928249999993,0.03942175000000692,0.03942175000000692
5.21884,4.949285200000002,0.2695547999999981,0.2695547999999981
4.35645,4.393803449999997,-0.03735344999999768,0.03735344999999768
4.14836,3.850122449999999,0.2982375500000014,0.2982375500000014
4.96675,4.884565249999998,0.08218475000000236,0.08218475000000236
5.03129,4.8113734,0.21991660000000035,0.21991660000000035
2.71469,2.6270985499999937,0.08759145000000634,0.08759145000000634
4.39173,4.421506249999998,-0.029776249999998505,0.029776249999998505
4.87283,4.821240249999994,0.05158975000000687,0.05158975000000687
4.25944,4.335640799999993,-0.07620079999999341,0.07620079999999341
3.80399,3.6863049500000007,0.11768504999999951,0.11768504999999951
4.70393,4.527874399999996,0.1760556000000033,0.1760556000000033
3.57122,3.5530546500000018,0.01816534999999808,0.01816534999999808
4.50899,4.2439534,0.2650366000000002,0.2650366000000002
4.5524,4.434985850000003,0.11741414999999655,0.11741414999999655
4.22654,4.51060365,-0.2840636500000002,0.2840636500000002
4.57048,4.625690349999997,-0.055210349999996744,0.055210349999996744
4.15638,4.041411300000003,0.1149686999999977,0.1149686999999977
4.72508,4.9055977,-0.18051770000000023,0.18051770000000023
3.68034,3.5846472499999993,0.09569275000000088,0.09569275000000088
4.29701,4.382873299999999,-0.08586329999999887,0.08586329999999887
5.44016,5.083023500000001,0.3571364999999984,0.3571364999999984
3.67681,3.8043308000000007,-0.12752080000000054,0.12752080000000054
5.16152,4.940104100000007,0.22141589999999312,0.22141589999999312
4.16091,4.278641499999996,-0.1177314999999961,0.1177314999999961
5.61393,5.311222399999997,0.3027076000000033,0.3027076000000033
4.01656,4.049096149999995,-0.03253614999999499,0.03253614999999499
3.38405,3.4246818000000037,-0.04063180000000388,0.04063180000000388
3.97199,3.859440300000004,0.11254969999999576,0.11254969999999576
4.32082,4.354023649999997,-0.033203649999996365,0.033203649999996365
5.20269,4.901089650000002,0.3016003499999975,0.3016003499999975
4.93857,4.785560399999999,0.15300960000000163,0.15300960000000163
5.06247,5.071957600000002,-0.009487600000001706,0.009487600000001706
4.55829,4.80375994999999,-0.24546994999998972,0.24546994999998972
3.78555,3.8767058999999984,-0.09115589999999818,0.09115589999999818
4.84095,4.5748051,0.26614490000000046,0.26614490000000046
3.30248,3.2464773999999994,0.05600260000000068,0.05600260000000068
4.82639,4.77117945,0.05521054999999997,0.05521054999999997
5.32008,4.942824050000001,0.37725594999999856,0.37725594999999856
4.30149,4.4263958500000005,-0.12490585000000021,0.12490585000000021
4.3073,4.204407499999997,0.10289250000000294,0.10289250000000294
5.11919,5.2451383000000025,-0.1259483000000028,0.1259483000000028
4.34029,4.408169599999995,-0.06787959999999416,0.06787959999999416
5.09974,4.8459954999999955,0.25374450000000426,0.25374450000000426
4.89373,4.693292750000001,0.20043724999999846,0.20043724999999846
4.45609,4.616661099999997,-0.16057109999999764,0.16057109999999764
4.90298,4.937596900000005,-0.034616900000004946,0.034616900000004946
4.39235,4.399616849999993,-0.007266849999992608,0.007266849999992608
4.59754,4.793603900000001,-0.1960639000000004,0.1960639000000004
4.42281,4.654548350000001,-0.23173835000000054,0.23173835000000054
3.11883,2.967740349999998,0.15108965000000207,0.15108965000000207
4.02321,3.8795320499999972,0.1436779500000025,0.1436779500000025
4.39507,4.488016950000003,-0.09294695000000353,0.09294695000000353
4.0644,3.8963656499999964,0.16803435000000366,0.16803435000000366
4.31134,4.526912400000001,-0.215572400000001,0.215572400000001
4.23178,4.36049775,-0.12871775000000074,0.12871775000000074
4.33598,4.3704703,-0.03449029999999986,0.03449029999999986
3.86094,3.9208219499999974,-0.05988194999999763,0.05988194999999763
4.24792,4.232430650000006,0.015489349999993962,0.015489349999993962
4.71743,4.935762500000001,-0.2183325000000007,0.2183325000000007
3.70893,4.242797650000001,-0.5338676500000008,0.5338676500000008
4.17161,4.052184549999998,0.11942545000000226,0.11942545000000226
4.73039,4.49868625,0.23170374999999943,0.23170374999999943
3.93633,3.799546100000004,0.13678389999999574,0.13678389999999574
5.47646,5.121356099999991,0.35510390000000935,0.35510390000000935
4.34614,4.178966799999994,0.1671732000000059,0.1671732000000059
4.716,4.442742700000001,0.27325729999999915,0.27325729999999915
4.51765,4.349597650000004,0.16805234999999552,0.16805234999999552
3.85249,4.1392403500000015,-0.2867503500000015,0.2867503500000015
3.99673,4.007791199999999,-0.011061199999998994,0.011061199999998994
4.17239,4.161615650000002,0.010774349999998378,0.010774349999998378
4.35504,4.230023750000002,0.12501624999999805,0.12501624999999805
4.53999,4.4793947999999935,0.060595200000006955,0.060595200000006955
4.02392,4.399751,-0.3758309999999998,0.3758309999999998
3.10459,3.2155271999999973,-0.1109371999999973,0.1109371999999973
4.82999,4.901835700000006,-0.07184570000000612,0.07184570000000612
4.4762,4.320148899999989,0.15605110000001154,0.15605110000001154
4.47141,4.473517500000001,-0.002107500000001039,0.002107500000001039
4.14583,4.1722883500000005,-0.026458350000000408,0.026458350000000408
4.22024,4.449702600000002,-0.22946260000000152,0.22946260000000152
5.00099,4.670517000000009,0.3304729999999907,0.3304729999999907
3.99323,4.066606400000001,-0.07337640000000123,0.07337640000000123
4.39235,4.548929050000004,-0.15657905000000394,0.15657905000000394
4.83977,4.8904256500000045,-0.050655650000004826,0.050655650000004826
4.00806,3.872055150000002,0.13600484999999818,0.13600484999999818
4.71358,4.860427299999995,-0.1468472999999948,0.1468472999999948
4.85101,4.88175045,-0.030740450000000585,0.030740450000000585
4.37299,4.650508450000005,-0.27751845000000497,0.27751845000000497
4.07974,4.418426149999998,-0.33868614999999824,0.33868614999999824
5.57231,5.569813750000005,0.0024962499999947596,0.0024962499999947596
4.73996,4.794153549999999,-0.054193549999999036,0.054193549999999036
3.56643,3.572438500000002,-0.00600850000000186,0.00600850000000186
5.12462,4.852980900000007,0.2716390999999936,0.2716390999999936
4.49636,4.489294100000006,0.007065899999994407,0.007065899999994407
5.36429,5.012466700000007,0.3518232999999924,0.3518232999999924
4.83668,4.326748599999996,0.5099314000000046,0.5099314000000046
5.10473,5.122125549999998,-0.01739554999999804,0.01739554999999804
4.60827,4.532006000000004,0.07626399999999567,0.07626399999999567
3.0573,3.08125,-0.023949999999999694,0.023949999999999694
4.86938,4.661417450000005,0.2079625499999942,0.2079625499999942
4.53956,4.307729499999991,0.23183050000000893,0.23183050000000893
4.1854,4.455218549999997,-0.26981854999999744,0.26981854999999744
4.19102,4.287177749999994,-0.09615774999999438,0.09615774999999438
4.30231,4.5680973999999965,-0.26578739999999623,0.26578739999999623
4.49591,4.409768849999998,0.08614115000000222,0.08614115000000222
5.35748,4.915257350000005,0.4422226499999944,0.4422226499999944
4.24305,4.098369549999998,0.14468045000000185,0.14468045000000185
3.66587,3.7841978999999974,-0.11832789999999749,0.11832789999999749
5.1009,5.0616166499999995,0.039283350000000716,0.039283350000000716
4.72562,4.485006749999999,0.2406132500000009,0.2406132500000009
3.62939,3.665190349999998,-0.03580034999999793,0.03580034999999793
4.78907,4.564812299999999,0.22425770000000078,0.22425770000000078
4.14962,3.8684666499999993,0.2811533500000003,0.2811533500000003
3.96973,3.834452199999997,0.135277800000003,0.135277800000003
4.03707,3.889889050000002,0.14718094999999787,0.14718094999999787
4.58364,4.4431963500000045,0.14044364999999548,0.14044364999999548
4.43058,4.396569100000002,0.0340108999999984,0.0340108999999984
4.05578,4.389401100000005,-0.33362110000000467,0.33362110000000467
5.0738,4.674554899999997,0.39924510000000346,0.39924510000000346
4.44723,4.601999549999989,-0.1547695499999886,0.1547695499999886
4.58833,4.497633799999997,0.09069620000000267,0.09069620000000267
5.14435,4.969767400000005,0.17458259999999548,0.17458259999999548
4.58333,4.3876094499999985,0.19572055000000166,0.19572055000000166
3.53515,3.740029399999999,-0.20487939999999938,0.20487939999999938
4.42089,4.558986950000001,-0.13809695000000133,0.13809695000000133
3.82297,3.7351528999999988,0.08781710000000142,0.08781710000000142
3.93613,4.112517499999997,-0.17638749999999748,0.17638749999999748
4.7803,4.771046249999997,0.009253750000003613,0.009253750000003613
4.04428,4.059557900000002,-0.015277900000002731,0.015277900000002731
3.421,4.316656999999999,-0.8956569999999995,0.8956569999999995
4.23178,3.957366099999999,0.27441390000000077,0.27441390000000077
4.95941,4.953353800000001,0.006056199999998846,0.006056199999998846
4.5271,4.548410949999999,-0.021310949999999274,0.021310949999999274
4.29456,4.512963099999995,-0.2184030999999953,0.2184030999999953
4.68896,4.2329762,0.4559837999999994,0.4559837999999994
4.54148,4.552235899999986,-0.010755899999986163,0.010755899999986163
4.62193,4.589784349999998,0.032145650000002135,0.032145650000002135
4.5608,4.272575599999994,0.28822440000000604,0.28822440000000604
5.55598,5.0767603,0.4792196999999998,0.4792196999999998
4.63162,4.606788849999996,0.024831150000004243,0.024831150000004243
5.67418,6.065096299999998,-0.390916299999998,0.390916299999998
5.57383,5.101130099999999,0.47269990000000117,0.47269990000000117
4.93217,4.678821950000001,0.2533480499999996,0.2533480499999996
3.92237,3.7811251999999986,0.14124480000000128,0.14124480000000128
4.48402,4.75128885,-0.2672688499999998,0.2672688499999998
4.63395,5.093896049999993,-0.459946049999993,0.459946049999993
4.57934,4.70297425,-0.12363424999999939,0.12363424999999939
4.992,4.724557250000003,0.2674427499999972,0.2674427499999972
5.56819,5.093965150000001,0.4742248499999997,0.4742248499999997
3.9823,4.347644649999993,-0.3653446499999933,0.3653446499999933
4.09167,3.949691050000001,0.1419789499999986,0.1419789499999986
4.18692,4.049293899999995,0.13762610000000475,0.13762610000000475
4.81665,5.055469349999993,-0.23881934999999288,0.23881934999999288
4.42149,4.531504850000001,-0.11001485000000066,0.11001485000000066
4.43272,4.464589600000002,-0.03186960000000205,0.03186960000000205
4.05699,4.2135681499999995,-0.15657814999999964,0.15657814999999964
4.82567,4.830199650000004,-0.004529650000004715,0.004529650000004715
4.32717,4.2185013500000075,0.10866864999999226,0.10866864999999226
4.57934,4.673517750000002,-0.09417775000000184,0.09417775000000184
4.45423,4.1180106,0.33621940000000006,0.33621940000000006
5.41205,5.103271849999984,0.3087781500000162,0.3087781500000162
4.12423,4.1969582,-0.07272820000000024,0.07272820000000024
4.2296,4.386665149999996,-0.15706514999999666,0.15706514999999666
4.85795,4.78340115,0.07454884999999933,0.07454884999999933
4.78582,4.392162799999993,0.3936572000000069,0.3936572000000069
4.42748,4.53334475,-0.10586475000000029,0.10586475000000029
4.40525,4.420032000000002,-0.014782000000002071,0.014782000000002071
4.02339,4.230547399999997,-0.20715739999999716,0.20715739999999716
4.41498,4.506237049999998,-0.09125704999999851,0.09125704999999851
4.89985,4.544755599999996,0.35509440000000403,0.35509440000000403
5.15997,4.987612299999998,0.17235770000000272,0.17235770000000272
4.53956,4.379810750000008,0.15974924999999196,0.15974924999999196
4.66936,4.8260872,-0.15672719999999973,0.15672719999999973
5.2576,4.935897049999995,0.32170295000000504,0.32170295000000504
4.12277,4.30306815,-0.1802981499999996,0.1802981499999996
4.06165,4.205090299999997,-0.1434402999999964,0.1434402999999964
4.53625,4.709001100000002,-0.17275110000000193,0.17275110000000193
4.45957,4.764266549999998,-0.3046965499999974,0.3046965499999974
3.04785,3.5637476000000032,-0.5158976000000033,0.5158976000000033
3.97481,4.167698600000006,-0.19288860000000563,0.19288860000000563
4.53903,4.646555099999998,-0.10752509999999749,0.10752509999999749
4.06595,4.2628825999999975,-0.19693259999999757,0.19693259999999757
4.94713,5.045362600000004,-0.09823260000000467,0.09823260000000467
4.47904,4.327869499999997,0.15117050000000365,0.15117050000000365
4.651,4.464309499999998,0.18669050000000187,0.18669050000000187
4.82447,4.916468749999999,-0.09199874999999924,0.09199874999999924
4.76848,4.584401599999995,0.18407840000000508,0.18407840000000508
4.07091,4.646788550000006,-0.5758785500000068,0.5758785500000068
4.64976,4.478532500000002,0.17122749999999787,0.17122749999999787
4.39433,4.522090200000006,-0.1277602000000062,0.1277602000000062
4.71429,4.812199949999995,-0.0979099499999947,0.0979099499999947
4.04725,4.156770250000003,-0.10952025000000276,0.10952025000000276
4.07397,4.277928549999995,-0.20395854999999496,0.20395854999999496
4.95611,4.793137999999997,0.16297200000000256,0.16297200000000256
4.97901,4.843039800000002,0.13597019999999738,0.13597019999999738
3.78032,3.424237799999998,0.3560822000000021,0.3560822000000021
3.75654,3.7632180499999976,-0.006678049999997437,0.006678049999997437
3.78895,4.220284500000004,-0.4313345000000046,0.4313345000000046
4.15497,4.225853849999997,-0.07088384999999775,0.07088384999999775
4.30528,4.351778949999994,-0.04649894999999393,0.04649894999999393
3.56897,3.8569959499999995,-0.2880259499999993,0.2880259499999993
4.75212,4.554634099999998,0.197485900000002,0.197485900000002
3.18387,3.392279100000006,-0.20840910000000568,0.20840910000000568
4.6606,4.936261250000004,-0.2756612500000042,0.2756612500000042
4.11137,4.183998199999998,-0.07262819999999781,0.07262819999999781
3.48584,3.3030989499999954,0.18274105000000462,0.18274105000000462
4.91111,5.069483050000001,-0.15837305000000157,0.15837305000000157
4.57759,4.324571399999999,0.25301860000000076,0.25301860000000076
3.98824,4.085252600000001,-0.09701260000000156,0.09701260000000156
4.47038,4.569151749999999,-0.09877174999999916,0.09877174999999916
4.37727,4.166493650000002,0.21077634999999795,0.21077634999999795
4.78323,4.427532899999996,0.355697100000004,0.355697100000004
4.77424,4.722822200000001,0.051417799999998515,0.051417799999998515
3.66125,3.8144812500000014,-0.15323125000000148,0.15323125000000148
4.14662,3.932444449999999,0.21417555000000155,0.21417555000000155
4.76439,4.583242650000003,0.18114734999999627,0.18114734999999627
4.2419,4.221859250000001,0.02004074999999883,0.02004074999999883
4.7728,4.876293799999999,-0.10349379999999897,0.10349379999999897
4.03936,4.002713200000001,0.03664679999999887,0.03664679999999887
4.28469,4.287321800000001,-0.002631800000000517,0.002631800000000517
2.71469,2.887471950000002,-0.17278195000000185,0.17278195000000185
4.77322,4.630558100000007,0.14266189999999312,0.14266189999999312
4.08312,4.308968599999995,-0.22584859999999463,0.22584859999999463
4.41667,4.405520349999991,0.011149650000009004,0.011149650000009004
5.21477,5.128513799999992,0.08625620000000733,0.08625620000000733
3.21607,3.3278819000000004,-0.11181190000000019,0.11181190000000019
3.9375,3.795050950000001,0.14244904999999886,0.14244904999999886
5.56034,5.286446150000006,0.2738938499999941,0.2738938499999941
3.78464,3.879963299999998,-0.09532329999999778,0.09532329999999778
3.99471,3.986170549999997,0.00853945000000289,0.00853945000000289
4.38826,4.474562449999999,-0.08630244999999892,0.08630244999999892
4.36564,4.583204350000007,-0.21756435000000707,0.21756435000000707
3.89141,3.8544420500000043,0.03696794999999575,0.03696794999999575
5.25123,5.111879650000004,0.13935034999999552,0.13935034999999552
4.73479,4.7836162500000015,-0.04882625000000118,0.04882625000000118
3.96443,4.017997550000005,-0.05356755000000479,0.05356755000000479
5.0339,5.130687700000001,-0.09678770000000103,0.09678770000000103
4.40134,4.5070996,-0.10575959999999984,0.10575959999999984
4.20589,4.043534500000002,0.16235549999999854,0.16235549999999854
5.99595,6.013573049999999,-0.017623049999999196,0.017623049999999196
3.8091,4.163855900000001,-0.3547559000000007,0.3547559000000007
4.53346,4.496222599999999,0.03723740000000042,0.03723740000000042
4.97418,5.1381930999999925,-0.16401309999999292,0.16401309999999292
4.56299,4.5079125000000015,0.05507749999999856,0.05507749999999856
3.98935,4.30717375,-0.3178237499999996,0.3178237499999996
4.34238,4.485136749999997,-0.14275674999999666,0.14275674999999666
4.93138,4.836801150000003,0.09457884999999688,0.09457884999999688
4.42341,4.147780599999993,0.2756294000000068,0.2756294000000068
4.7787,4.564275200000003,0.21442479999999708,0.21442479999999708
4.64353,4.433903749999998,0.20962625000000212,0.20962625000000212
3.94178,3.7613567500000027,0.18042324999999737,0.18042324999999737
4.54329,4.426477650000002,0.11681234999999823,0.11681234999999823
5.26424,5.118476550000003,0.1457634499999969,0.1457634499999969
2.87751,2.826562099999996,0.050947900000004154,0.050947900000004154
3.92652,4.095328800000002,-0.16880880000000165,0.16880880000000165
4.49357,4.235195249999998,0.25837475000000243,0.25837475000000243
5.02375,4.846044600000005,0.17770539999999446,0.17770539999999446
4.37513,4.408675800000003,-0.0335458000000024,0.0335458000000024
5.24191,5.077016099999998,0.16489390000000181,0.16489390000000181
4.00314,4.2325154,-0.22937539999999945,0.22937539999999945
5.7134,5.237659300000001,0.47574069999999935,0.47574069999999935
4.15481,4.13160615,0.023203850000000692,0.023203850000000692
3.73552,3.617060050000002,0.11845994999999832,0.11845994999999832
5.17423,5.101036750000002,0.07319324999999743,0.07319324999999743
4.38851,4.1665861,0.22192390000000017,0.22192390000000017
3.80955,4.137131100000002,-0.32758110000000196,0.32758110000000196
4.28785,4.217395250000001,0.07045474999999879,0.07045474999999879
3.28016,3.3055480500000005,-0.02538805000000055,0.02538805000000055
3.12413,3.227374550000001,-0.10324455000000077,0.10324455000000077
4.48492,4.069432199999997,0.41548780000000285,0.41548780000000285
3.92474,4.105036649999999,-0.18029664999999895,0.18029664999999895
4.83731,4.925952699999999,-0.08864269999999852,0.08864269999999852
4.31241,4.166967799999998,0.14544220000000152,0.14544220000000152
5.18688,5.5572919,-0.3704118999999997,0.3704118999999997
3.57543,3.3957631,0.17966689999999996,0.17966689999999996
4.99498,4.779263899999998,0.21571610000000163,0.21571610000000163
3.93143,3.6241907499999986,0.30723925000000163,0.30723925000000163
3.59731,3.953572450000002,-0.35626245000000223,0.35626245000000223
4.96821,4.791758600000002,0.1764513999999977,0.1764513999999977
3.87971,4.360770800000005,-0.4810608000000052,0.4810608000000052
4.33362,4.4848195499999965,-0.15119954999999674,0.15119954999999674
4.01494,3.8519590499999987,0.16298095000000146,0.16298095000000146
5.0837,5.486544699999999,-0.4028446999999984,0.4028446999999984
4.52222,4.58686155,-0.06464155000000016,0.06464155000000016
4.05958,4.342624650000001,-0.2830446500000008,0.2830446500000008
4.42221,4.642093600000003,-0.21988360000000284,0.21988360000000284
3.95891,3.919918400000006,0.03899159999999391,0.03899159999999391
4.2452,4.182736550000001,0.06246344999999831,0.06246344999999831
4.87665,4.626769000000005,0.2498809999999949,0.2498809999999949
4.54871,4.487134099999997,0.0615759000000029,0.0615759000000029
4.75918,4.499773849999994,0.25940615000000555,0.25940615000000555
4.2014,4.121319199999994,0.0800808000000055,0.0800808000000055
4.94421,4.935560550000014,0.008649449999985848,0.008649449999985848
5.38045,5.174874999999998,0.2055750000000014,0.2055750000000014
3.90339,3.8265219999999998,0.07686800000000016,0.07686800000000016
3.65506,3.9312339499999998,-0.27617394999999956,0.27617394999999956
4.93527,5.005668950000001,-0.07039895000000129,0.07039895000000129
4.81818,4.3958617499999955,0.42231825000000445,0.42231825000000445
4.33925,4.215200999999995,0.12404900000000474,0.12404900000000474
4.53271,4.935754549999998,-0.40304454999999795,0.40304454999999795
3.53515,3.6527352499999948,-0.11758524999999498,0.11758524999999498
3.6961,3.7621284000000035,-0.06602840000000354,0.06602840000000354
4.83771,4.739170999999987,0.09853900000001303,0.09853900000001303
5.22585,4.990095849999998,0.23575415000000266,0.23575415000000266
4.77415,5.043713350000007,-0.2695633500000074,0.2695633500000074
2.51931,2.6885252499999996,-0.1692152499999997,0.1692152499999997
4.91669,4.992852249999993,-0.07616224999999321,0.07616224999999321
4.27375,4.517138550000004,-0.24338855000000414,0.24338855000000414
4.16278,4.398986199999992,-0.2362061999999927,0.2362061999999927
4.62262,4.6209247499999995,0.0016952500000009252,0.0016952500000009252
3.91601,3.5711215999999983,0.34488840000000165,0.34488840000000165
4.2264,4.280400249999994,-0.05400024999999431,0.05400024999999431
5.11799,5.092677250000001,0.02531274999999855,0.02531274999999855
3.47383,3.567311750000003,-0.09348175000000314,0.09348175000000314
4.35722,4.163379150000008,0.19384084999999196,0.19384084999999196
4.90498,4.7821825499999955,0.12279745000000464,0.12279745000000464
3.99526,3.7952373000000006,0.20002269999999944,0.20002269999999944
3.61281,2.906529999999997,0.7062800000000031,0.7062800000000031
4.10165,4.154328800000003,-0.05267880000000247,0.05267880000000247
5.41459,4.9986815500000015,0.4159084499999981,0.4159084499999981
5.06916,4.887138899999994,0.18202110000000626,0.18202110000000626
4.28717,4.136052950000001,0.15111704999999898,0.15111704999999898
4.46326,4.290795400000002,0.17246459999999786,0.17246459999999786
4.35786,4.368278900000002,-0.010418900000002118,0.010418900000002118
4.3073,4.511997199999996,-0.20469719999999647,0.20469719999999647
4.74901,4.979169999999999,-0.2301599999999988,0.2301599999999988
3.05494,2.9306353999999986,0.12430460000000165,0.12430460000000165
4.14298,4.053526450000003,0.08945354999999644,0.08945354999999644
4.83541,4.64869695,0.1867130500000007,0.1867130500000007
3.94022,3.9293484000000007,0.010871599999999315,0.010871599999999315
4.14694,4.144539049999994,0.0024009500000055084,0.0024009500000055084
4.30757,4.384368999999994,-0.07679899999999407,0.07679899999999407
4.3429,4.719548900000002,-0.37664890000000195,0.37664890000000195
4.34432,4.28936265,0.05495734999999957,0.05495734999999957
4.62605,4.531738099999994,0.09431190000000633,0.09431190000000633
4.98141,5.316828499999998,-0.3354184999999976,0.3354184999999976
4.03406,3.797839399999998,0.236220600000002,0.236220600000002
4.88507,4.797690300000004,0.08737969999999606,0.08737969999999606
3.33078,3.505714449999999,-0.17493444999999896,0.17493444999999896
4.50734,4.549120300000001,-0.04178030000000099,0.04178030000000099
4.33768,4.526022049999993,-0.18834204999999304,0.18834204999999304
4.86376,4.8896844500000025,-0.02592445000000243,0.02592445000000243
3.88321,4.504203849999995,-0.6209938499999952,0.6209938499999952
4.55745,4.727390299999995,-0.16994029999999505,0.16994029999999505
4.31214,4.638935650000002,-0.326795650000002,0.326795650000002
5.24391,5.216590549999996,0.027319450000003798,0.027319450000003798
5.0521,4.598375399999998,0.4537246000000019,0.4537246000000019
4.88265,5.098454899999992,-0.2158048999999922,0.2158048999999922
5.30718,5.112371850000005,0.19480814999999474,0.19480814999999474
5.01715,4.867770450000002,0.14937954999999814,0.14937954999999814
4.54722,4.571089350000003,-0.023869350000002676,0.023869350000002676
4.14551,4.147580200000005,-0.002070200000004796,0.002070200000004796
4.0427,4.2429685,-0.20026849999999996,0.20026849999999996
3.40486,3.1841368499999962,0.22072315000000398,0.22072315000000398
3.9718,4.116215550000005,-0.14441555000000506,0.14441555000000506
4.08429,4.351062699999996,-0.2667726999999962,0.2667726999999962
4.36881,4.421961649999999,-0.05315164999999933,0.05315164999999933
3.96613,4.143783800000002,-0.17765380000000208,0.17765380000000208
4.40513,4.340714249999993,0.06441575000000643,0.06441575000000643
4.67021,4.468743500000003,0.20146649999999688,0.20146649999999688
4.61056,4.590009849999998,0.02055015000000271,0.02055015000000271
4.93706,5.224607549999999,-0.2875475499999993,0.2875475499999993
4.06543,4.363237900000004,-0.297807900000004,0.297807900000004
3.61658,3.7801693500000026,-0.16358935000000274,0.16358935000000274
4.09084,4.226184199999999,-0.1353441999999987,0.1353441999999987
4.2631,4.095337650000001,0.1677623499999985,0.1677623499999985
5.13309,4.959349849999998,0.1737401500000022,0.1737401500000022
4.75583,4.972252299999996,-0.21642229999999607,0.21642229999999607
4.74788,4.711388299999993,0.03649170000000712,0.03649170000000712
4.35799,4.300294249999995,0.05769575000000504,0.05769575000000504
4.29715,4.494025800000002,-0.1968758000000017,0.1968758000000017
4.58813,4.420785800000001,0.16734419999999872,0.16734419999999872
4.5298,4.4484100999999985,0.08138990000000135,0.08138990000000135
4.97169,4.8097387999999945,0.16195120000000518,0.16195120000000518
4.64391,4.519876000000004,0.12403399999999642,0.12403399999999642
4.87367,5.190852800000001,-0.3171828000000012,0.3171828000000012
4.35118,4.41630835,-0.06512835000000017,0.06512835000000017
4.87885,4.738061700000002,0.14078829999999787,0.14078829999999787
4.02267,4.223341400000002,-0.20067140000000183,0.20067140000000183
3.88136,3.6702448999999957,0.21111510000000422,0.21111510000000422
4.19283,4.659475999999995,-0.46664599999999545,0.46664599999999545
4.85671,4.899109000000003,-0.042399000000003184,0.042399000000003184
3.86367,4.250200750000002,-0.38653075000000214,0.38653075000000214
4.48255,4.441948249999998,0.04060175000000221,0.04060175000000221
4.13772,4.4521822500000034,-0.3144622500000036,0.3144622500000036
4.18205,4.026924949999998,0.15512505000000232,0.15512505000000232
4.89657,5.047815000000003,-0.15124500000000296,0.15124500000000296
4.58364,4.5156633,0.0679767,0.0679767
4.06337,4.344526700000004,-0.2811567000000039,0.2811567000000039
4.45539,4.348085149999999,0.10730485000000112,0.10730485000000112
4.02553,3.723614549999996,0.30191545000000364,0.30191545000000364
4.91162,4.616905149999999,0.29471485000000097,0.29471485000000097
4.62419,4.826211949999999,-0.20202194999999978,0.20202194999999978
3.74597,3.7765694499999993,-0.03059944999999953,0.03059944999999953
4.98907,5.2053494500000035,-0.2162794500000036,0.2162794500000036
4.49703,4.582876199999995,-0.08584619999999532,0.08584619999999532
4.33886,4.10270645,0.23615355000000005,0.23615355000000005
4.62055,4.857318899999998,-0.23676889999999862,0.23676889999999862
4.93087,4.757433900000001,0.1734360999999982,0.1734360999999982
3.37485,3.546326950000002,-0.17147695000000196,0.17147695000000196
3.94835,3.993476350000002,-0.04512635000000209,0.04512635000000209
4.55818,4.572628049999998,-0.014448049999997714,0.014448049999997714
5.35337,4.903204450000007,0.45016554999999325,0.45016554999999325
4.86546,4.879345849999991,-0.013885849999991429,0.013885849999991429
4.39605,4.7676987499999965,-0.37164874999999675,0.37164874999999675
4.18479,4.180536499999998,0.0042535000000016865,0.0042535000000016865
3.27828,3.662954400000001,-0.3846744000000011,0.3846744000000011
4.19344,4.032754500000001,0.1606854999999987,0.1606854999999987
4.41643,4.483311399999999,-0.06688139999999887,0.06688139999999887
4.68111,4.694901199999999,-0.013791199999999115,0.013791199999999115
4.45737,4.5103529,-0.052982899999999944,0.052982899999999944
2.46044,2.476953299999999,-0.016513299999998843,0.016513299999998843
2.8559,3.3027870499999974,-0.4468870499999973,0.4468870499999973
4.79761,4.741615000000005,0.05599499999999491,0.05599499999999491
3.1743,3.835154799999992,-0.6608547999999921,0.6608547999999921
3.85312,3.7486817500000003,0.10443824999999984,0.10443824999999984
2.35991,2.343312849999999,0.01659715000000128,0.01659715000000128
4.25035,4.354205400000001,-0.10385540000000049,0.10385540000000049
4.36246,4.198885199999996,0.16357480000000368,0.16357480000000368
4.54372,4.223074099999997,0.32064590000000326,0.32064590000000326
3.38575,3.5101076500000024,-0.12435765000000254,0.12435765000000254
3.79863,3.8101757,-0.011545699999999659,0.011545699999999659
3.84481,4.264293150000003,-0.41948315000000314,0.41948315000000314
4.02195,3.909769050000002,0.11218094999999817,0.11218094999999817
4.25618,4.432192450000001,-0.17601245000000176,0.17601245000000176
3.34427,3.502912750000002,-0.15864275000000205,0.15864275000000205
4.03265,3.8148634999999986,0.21778650000000166,0.21778650000000166
4.00387,3.809262450000003,0.19460754999999708,0.19460754999999708
3.85482,3.8725024999999973,-0.01768249999999716,0.01768249999999716
4.17792,4.192655849999997,-0.014735849999996553,0.014735849999996553
4.70184,4.994771550000004,-0.29293155000000404,0.29293155000000404
4.52948,4.423157149999994,0.10632285000000596,0.10632285000000596
3.99967,3.8015291000000007,0.1981408999999994,0.1981408999999994
4.03353,4.041780249999999,-0.008250249999998793,0.008250249999998793
4.1693,4.386693599999998,-0.21739359999999852,0.21739359999999852
4.54849,4.3213073499999926,0.2271826500000076,0.2271826500000076
4.72055,4.489497049999994,0.2310529500000058,0.2310529500000058
5.22462,4.956756050000001,0.26786394999999885,0.26786394999999885
4.13581,4.022916350000002,0.1128936499999984,0.1128936499999984
4.14583,4.059854400000003,0.08597559999999671,0.08597559999999671
5.00193,4.752482700000001,0.24944729999999904,0.24944729999999904
4.32744,4.6630087499999995,-0.3355687499999993,0.3355687499999993
4.09584,4.258202150000002,-0.16236215000000165,0.16236215000000165
4.35144,4.445753149999998,-0.09431314999999785,0.09431314999999785
3.78533,3.868633649999998,-0.08330364999999773,0.08330364999999773
5.03734,4.975856250000008,0.06148374999999273,0.06148374999999273
4.76021,4.941926399999996,-0.18171639999999645,0.18171639999999645
5.04259,4.677127799999997,0.3654622000000023,0.3654622000000023
4.2198,4.245269349999997,-0.02546934999999717,0.02546934999999717
3.02772,3.2124995499999995,-0.18477954999999957,0.18477954999999957
4.3824,4.596532499999998,-0.21413249999999806,0.21413249999999806
4.02124,4.2254422499999995,-0.2042022499999998,0.2042022499999998
4.49267,4.507702100000001,-0.015032100000000881,0.015032100000000881
4.60976,4.441093450000004,0.16866654999999575,0.16866654999999575
5.21347,4.866964150000005,0.34650584999999534,0.34650584999999534
3.46135,3.3905269000000002,0.0708230999999997,0.0708230999999997
4.14361,3.6684590500000014,0.4751509499999984,0.4751509499999984
4.72535,4.76215819999999,-0.03680819999999052,0.03680819999999052
4.94186,4.853015800000003,0.08884419999999693,0.08884419999999693
4.13916,4.414430399999999,-0.27527039999999836,0.27527039999999836
3.6198,3.7009863500000035,-0.0811863500000034,0.0811863500000034
5.21488,5.019393950000003,0.19548604999999686,0.19548604999999686
4.4186,4.642454850000008,-0.22385485000000838,0.22385485000000838
4.55377,4.469105249999995,0.08466475000000528,0.08466475000000528
4.23599,4.179941049999999,0.056048950000000985,0.056048950000000985
4.04655,3.9670643499999976,0.0794856500000023,0.0794856500000023
5.21412,5.2830680500000105,-0.06894805000001014,0.06894805000001014
4.17053,4.248060199999995,-0.07753019999999466,0.07753019999999466
3.76561,3.6476875000000035,0.1179224999999966,0.1179224999999966
4.77828,4.4771615499999955,0.30111845000000415,0.30111845000000415
4.46453,4.467375549999999,-0.0028455499999990863,0.0028455499999990863
4.80082,4.642789050000008,0.15803094999999168,0.15803094999999168
5.12605,5.129776650000001,-0.0037266500000008307,0.0037266500000008307
4.59502,4.29396135,0.30105864999999987,0.30105864999999987
3.09739,3.494073200000001,-0.39668320000000135,0.39668320000000135
3.95451,4.2193507,-0.2648406999999997,0.2648406999999997
4.86861,4.691566800000003,0.1770431999999973,0.1770431999999973
4.50092,4.447611749999997,0.05330825000000239,0.05330825000000239
5.20104,5.050148999999991,0.15089100000000855,0.15089100000000855
4.14011,3.85533265,0.28477735000000015,0.28477735000000015
3.70721,4.089264000000001,-0.382054000000001,0.382054000000001
5.0586,4.884384950000002,0.17421504999999815,0.17421504999999815
4.18875,3.9856857000000026,0.2030642999999972,0.2030642999999972
4.40757,4.348697399999998,0.05887260000000172,0.05887260000000172
4.05004,4.18606965,-0.13602965000000022,0.13602965000000022
5.0307,4.899697349999998,0.13100265000000277,0.13100265000000277
4.46176,4.453840399999998,0.007919600000001914,0.007919600000001914
4.53077,4.70182745,-0.17105744999999928,0.17105744999999928
4.92217,4.691800049999999,0.23036995000000182,0.23036995000000182
2.77944,3.3934901500000008,-0.6140501500000006,0.6140501500000006
5.20686,5.129230049999998,0.07762995000000217,0.07762995000000217
4.11952,4.496463249999997,-0.3769432499999974,0.3769432499999974
3.78169,3.9629617999999955,-0.18127179999999532,0.18127179999999532
4.57903,4.321684599999998,0.25734540000000194,0.25734540000000194
4.20767,4.438077,-0.23040699999999958,0.23040699999999958
4.64928,4.886539550000002,-0.23725955000000187,0.23725955000000187
5.0075,4.723487000000001,0.28401299999999896,0.28401299999999896
5.33436,4.930372349999992,0.40398765000000836,0.40398765000000836
3.13767,3.258061300000001,-0.12039130000000098,0.12039130000000098
4.51525,4.674293999999987,-0.1590439999999873,0.1590439999999873
5.69854,4.935515350000005,0.7630246499999958,0.7630246499999958
4.42437,4.55771145,-0.13334145000000053,0.13334145000000053
5.15647,5.0163668000000055,0.1401031999999942,0.1401031999999942
5.1617,4.907616100000007,0.25408389999999237,0.25408389999999237
4.73567,4.715125950000004,0.02054404999999626,0.02054404999999626
4.84474,4.786929400000002,0.05781059999999805,0.05781059999999805
4.88151,4.677762850000004,0.20374714999999544,0.20374714999999544
5.04194,5.1810967,-0.13915670000000002,0.13915670000000002
4.30312,4.214624899999997,0.08849510000000294,0.08849510000000294
4.95576,5.257919750000006,-0.3021597500000066,0.3021597500000066
3.54732,3.553232750000002,-0.0059127500000020206,0.0059127500000020206
3.26881,3.4816851000000013,-0.2128751000000011,0.2128751000000011
4.053,3.9963613000000002,0.05663869999999971,0.05663869999999971
4.45644,4.571950449999999,-0.11551044999999949,0.11551044999999949
4.71088,4.418619449999994,0.29226055000000617,0.29226055000000617
4.31026,4.195345300000006,0.1149146999999946,0.1149146999999946
3.99471,4.220901500000003,-0.22619150000000277,0.22619150000000277
4.41558,4.216879600000002,0.1987003999999981,0.1987003999999981
4.89328,4.513938700000004,0.37934129999999566,0.37934129999999566
2.89646,3.039801750000004,-0.14334175000000426,0.14334175000000426
4.09484,4.348116849999996,-0.2532768499999962,0.2532768499999962
3.98527,4.115497300000002,-0.13022730000000227,0.13022730000000227
4.68204,4.447498299999995,0.23454170000000474,0.23454170000000474
4.72189,4.468428250000003,0.25346174999999693,0.25346174999999693
4.49032,4.147964699999998,0.34235530000000125,0.34235530000000125
5.12783,4.996568149999999,0.13126185000000135,0.13126185000000135
2.93386,2.406013050000002,0.527846949999998,0.527846949999998
4.82173,4.956959949999986,-0.13522994999998605,0.13522994999998605
3.7563,4.067000599999999,-0.3107005999999992,0.3107005999999992
3.4701,3.468560050000002,0.0015399499999979582,0.0015399499999979582
4.34407,4.290562949999994,0.05350705000000655,0.05350705000000655
3.60141,3.1336287499999997,0.46778125000000026,0.46778125000000026
4.15151,4.1998970999999985,-0.04838709999999846,0.04838709999999846
5.3804,5.261353149999999,0.11904685000000104,0.11904685000000104
5.05088,4.756223749999995,0.2946562500000054,0.2946562500000054
4.29905,4.4234912500000005,-0.12444125000000028,0.12444125000000028
3.95028,3.9517571499999997,-0.0014771499999999271,0.0014771499999999271
4.55745,4.6176780499999985,-0.06022804999999831,0.06022804999999831
5.0855,4.663209950000003,0.4222900499999964,0.4222900499999964
4.78357,4.609138750000002,0.17443124999999782,0.17443124999999782
3.97669,4.212037949999999,-0.23534794999999908,0.23534794999999908
4.9128,4.6850761000000105,0.22772389999998932,0.22772389999998932
4.59835,4.456922000000007,0.14142799999999323,0.14142799999999323
3.31455,3.291969400000002,0.022580599999998174,0.022580599999998174
3.67402,3.6867596500000026,-0.012739650000002545,0.012739650000002545
5.14715,4.792819400000003,0.3543305999999973,0.3543305999999973
5.19262,5.083987900000001,0.10863209999999857,0.10863209999999857
3.76213,3.830243299999998,-0.06811329999999804,0.06811329999999804
4.10033,4.532309849999995,-0.43197984999999584,0.43197984999999584
4.15669,4.490400200000003,-0.3337102000000032,0.3337102000000032
3.96462,4.097103499999999,-0.1324834999999993,0.1324834999999993
4.18083,3.991479800000008,0.18935019999999225,0.18935019999999225
4.23425,4.1926947499999985,0.04155525000000182,0.04155525000000182
3.58546,3.9075733999999995,-0.32211339999999966,0.32211339999999966
5.06922,4.968396399999991,0.1008236000000089,0.1008236000000089
4.82567,4.8045586500000015,0.021111349999998197,0.021111349999998197
4.12309,3.747837449999999,0.37525255000000124,0.37525255000000124
4.65776,4.500837150000002,0.15692284999999728,0.15692284999999728
4.16294,3.926621899999993,0.23631810000000675,0.23631810000000675
4.099,4.313691899999996,-0.2146918999999956,0.2146918999999956
4.30932,4.599542950000005,-0.29022295000000575,0.29022295000000575
4.37814,4.236823049999996,0.14131695000000377,0.14131695000000377
4.41183,4.309179250000002,0.10265074999999779,0.10265074999999779
3.76445,3.587362600000003,0.1770873999999969,0.1770873999999969
4.52429,4.5005925000000016,0.02369749999999815,0.02369749999999815
